PDB,Strand,Sequence,2D,NAtype
148D,strand_A,GGTTGGTGTGGTTGG,...(......)....,DNA
1AW4,strand_A,ACCTGGGGGAGTATTGCGGAGGAAGGT,((((......((...))......)))),DNA
1DB6,strand_A,CGACCAACGTGTCGCCTGGTCG,((((((..(......))))))),DNA
2ARG,strand_A,TGACCAGGGCAAACGGTAGGTGAGTGGTCA,((((((...[..((]....))...)))))),DNA
2L5K,strand_A,GCAGTTGATCCTTTGGATACCCTG,.(((...((((...))))...))),DNA
3HXO,strand_B,GGCGTGCAGTGCCTTCGGCCGTGCGGTGCCTCCGTCACGC,.(((((..(.(((...))))...(((.....))).))))),DNA
3HXQ,strand_B,GGCGTGCAGTGCCTTCGGCCGTGCGGTGCCTCCGTCACGCC,((((((..(.(((...))))..((((.....)))))))))),DNA
3ZH2,strand_E,CTGGGCGGTAGAACCATAGTGACCCAGCCGTCTAC,(((((.......((....))..)))))........,DNA
3ZH2,strand_G,CTGGGCGGTAGAACCATAGTGACCCAG,(((((.......((....))..))))),DNA
4HQU,strand_C,UUACGUUACACGCGUUUAUAGCG,..(()).[[.(((]].....))),DNA
4I7Y,strand_D,GTCCGTGGTAGGGCAGGTTGGGGTGAC,((((..................).))),DNA
4NI7,strand_B,GGCAGGUUUGGTAUUAACAGUUAAGUCGUGG,.............(((((.))))).......,DNA
4NI9,strand_B,GGCAGGUUUGGTAUUAACACGUUAAGUCGUGG,.............((((....)))).......,DNA
4WB2,strand_D,GCGAUGUGGUGGUGCAGGGUUGUUGGGUGUCGACGCACGC,((([(((.(((.........].........).)))))))),DNA
4ZBN,strand_D,CAUGAGGACUUGGGGUUUAGCCGUUGUG,.......([....((.....))..)..],DNA
5CMX,strand_A,GTGACGTAGGTTGGTGTGGTTGGGGCGTCAC,.((((((.................)))))).,DNA
5D3G,strand_F,TAATACCCCCCCTTCGGTGCTTTGCACCGAAGGGGGGG,.....(((((((((((((((...))))))))))))))),DNA
5HRT,strand_B,CCTGGACGGAACCAGAATACTTTTGGTCTCCAGG,((((((....(((((((...))))))).)))))),DNA
5HRU,strand_C,TCGATTGGATTGTGCCGGAAGTGCTGGCTCGA,((((.....[[..(((((]]...))))))))),DNA
5HTO,strand_C,TTCGATTGGATTGTGCCGGAAGTGCTGGCTCGAA,(((((.....[[..(((((]]...)))))))))),DNA
5HTO,strand_F,CGATTGGATTGTGCCGGAAGTGCTGGCTCG,(((.....[[..(((((]]...)))))))),DNA
5I3U,strand_E,TAATACCCCCCCTTCGGTGCTTTGCACCGAAGGGGGGGU,....((((((((((((((((...)))))))))))))))),DNA
5UC6,strand_B,CGUGAGUUAUGGGUUAGAGUCG,((.....((.....))....)),DNA
5XN1,strand_E,TAATCGCCCCCCTTCGGTGCTTTGCACCGAAGGGGGGC,.....(((((((((((((((...))))))))))))))),DNA
6EVV,strand_E,CGCCTAGGTTGGGTAGGGTGGTGGCG,((((.(...............))))),DNA
6J2W,strand_A,CGGGGCGAAGCGGGTCCCG,((((((...))....)))),DNA
6O9E,strand_F,TAATAACCCCCCTTCGGTGCTTTGCACCGAAGGGGGGT,.....(((((((((((((((...))))))))))))))),DNA
6U82,strand_B,GCTAATCTAATCAACCGCAGGTTGATTAGCCCATTAGC,((((((((((((((((...))))))))))...)))))),DNA
7F49,strand_B,GCCAGGGACCUAAGACACAUGUCCCUGGCT,(((((((((.(.......).))))))))).,DNA
7JTN,strand_B,GCUGAGAAUAGAAGUAGGAGUAUGCUUGCT,.(..((..................)).)..,DNA
7JTQ,strand_B,CGCUGAGAAUAGAAGUAGGAGUAUGCUUGCG,.((..((..................)).)).,DNA
7LRI,strand_E,TACCCCCCCTTCGGTGCTTTGCACCGAAGGGGGGG,..(((((((((((((((...))))))))))))))),DNA
7LRM,strand_F,TAATGCCCCCCCTTCGGTGCTTTGCACCGAAGGGGGGG,.....(((((((((((((((...))))))))))))))),DNA
7MK1,strand_C,ATCTCUGUGUCAUGUGUUUUAAUGUCAGUUUAAUGAUGAGG,..(((.....[[....((..(.]]....)..))....))).,DNA
7OZW,strand_F,TAATATCCCCCCTTCGGTGCTTTGCACCGAAGGGGGG,......((((((((((((((...)))))))))))))),DNA
7QB3,strand_A,CGGCCGTCGAAGACCCGCGAAGTGGCCG,((((((((...)))..((...))))))),DNA
7V5N,strand_D,GCGGTTGGTGGTAGTTACGTTCGC,((((.((..........)).)))),DNA
7W9N,strand_A,CGATCGGGTGTGGGTGGCGTAAAGGGAGCATCG,((((.............(.....).....)))),DNA
7YQ3,strand_G,TGUAUCCGCAGUAUCGGCAUUCAGCGAC,(.........................).,DNA
7YQ4,strand_G,CAUUACGCAUGAGUCUAGAUCCGU,.....(....(.........).).,DNA
7Z24,strand_E,TAATTCCCCCCCTTCGGTGCTTTGCACCGAAGGGGGGG,.....(((((((((((((((...))))))))))))))),DNA
7ZQS,strand_A,GCAGCAGCGTAAAGGGGGTGTTTGTGCGGTGTGGAGTGCGCGTGCTGCTGC,............................(..)...................,DNA
7ZQS,strand_C,GCAGCAGCGTAAAGGGGGTGTTTGTGCGGTGTGGAGTGCG,............................(..)........,DNA
8BW5,strand_F,GGTCAGATGATGGGGATGGGGGGTTGGAGGAATGGATGAC,.((((..(.((....................)))..)))),DNA
8FHV,strand_A,CTTAGTAGGGATGATGCGGCAGTGGGCTTCGCAGTTCCTGCGAGGGGACTAAG,((((((.........((........))..((((.....)))).....)))))),DNA
8FI1,strand_A,CTTAGTAGGGATGATGCGGGAGTGGGCTTCGCAGTTCCTGCGAGGGGACTAAG,((((((.........((........))..((((.....)))).....)))))),DNA
8FI2,strand_A,CTTAGTAGGGATGATGCGGTAGTGGGCTTCGCAGTTCCTGCGAGGGGACTAAG,((((((.........((........))..((((.....)))).....)))))),DNA
8GZJ,strand_A,GACGACGGGTTCACAGTCCGTTGTC,..((((((..(...)..))))))..,DNA
8GZJ,strand_C,GACGACGGGTTCACAGTCCGTTGT,..((((((..(...)..)))))).,DNA
8GZK,strand_A,GACGACGGGATCACAGTCCGTTGTC,(((.((((..(...)..)))).))),DNA
8GZL,strand_A,GACGACGGGTCCACGGTCCGTTGTC,(((.((((..(...)..)))).))),DNA
8GZM,strand_A,GCCGACGGGTTCACAGTCCGTCGGC,((((((((..(...)..)))))))),DNA
8IF5,strand_A,CACGTGTTGTCTCTCTGTGTCTCGTG,((((....[.(.(.].).)...)))),DNA
8J1Q,strand_D,CTGUCGGUAAGGGAGCUAGUGUAUGCCCCUGAGUUGGGGAUAUCGCCGAC,..(...(....................(..........)......)...),DNA
8J26,strand_D,GGCGGCAAGGGAGCUAGUGUAUGCCCCUGAGUUGGGGAUAUCGCCGCC,(((((....................(..........)......))))),DNA
8TQS,strand_D,AAGTCCGTGGTAGGGCAGGTTGGGGTGACT,..((((..................).))).,DNA
8Y0F,strand_A,ATCTAACTGCTGCGCCGCCGGGAAAATACTGTACGGTTAGA,.(((((..((.))....(((...(.....)...)))))))),DNA
4GXY,strand_A,GGCGGCAGGUGCUCCCGACCCUGCGGUCGGGAGUUAAAAGGGAAGCCGGUGCAAGUCCGGCACGGUCCCGCCACUGUGACGGGGAGUCGCCCCUCGGGAUGUGCCACUGGCCCGAAGGCCGGGAAGGCGGAGGGGCGGCGAGGAUCCGGAGUCAGGAAACCUGCCUGCCGUC,((((((((((.(((.(((........)).)))).....((....(((((.......)))))[[((.....)).(((...(((...(((((((.((.......(((.((((((....))))))...))).)).)))))))......)))..]]))).....)))))))))))),RNA
4FRG,strand_B,GGCCUAAAAGCAUAGUGGGAAAGUGACGUGAAAUUCGUCCAGAUGCGAAAGCAUACGGUUAUACUCCGAAUGCCACCUAGGCCA,((((((....[...((((....(.((((.......)))))[[((((....)))).(((.....]])))...])))).)))))).,RNA
4FRN,strand_A,GGGCUAAAAGCAUGGUGGGAAAGUGACGUGUAAUUCGUCCACAUUACUUGAUACGGUUAUACUCCGAAUGCCACCUAGCCCAAAGUAGAGCAAGGAGACUCA,((((((....{..(((((....(.((((.......))))){.(([.[[[[)).(((......})))...})))))))))))......(((]]]]...]))).,RNA
6VMY,strand_A,GGUCAAAUAGGUGCCGGUCCGUGAACAACAGCCGGCUUAAAAGGGAAACCGGUAAAAGCCGGUGCGGUCCCGCCACUGUAAUUGGCCAAGCGCCAAGAGCCAGGAUACCUGCCUGUUUGAUCAGCACGAAUUCUGCGAGGACAGAUGA,((((((((((((((((((.[((.....)).)))))).....(((...(((((......)))))[[((.....)).(((...(((((.....)))))..]])))]...)))))))))))))))..(.....((........).)...).,RNA
4GMA,strand_Z,GGUUAAAGCCUUAUGGUCGCUACCAUUGCACUCCGGUAGCGUUAAAAGGGAAGACGGGUGAGAAUCCCGCGCAGCCCCCGCUACUGUGAGGGAGGACGAAGCCCUAGUAAGCCACUGCCGAAAGGUGGGAAGGCAGGGUGGAGGAUGAGUCCCGAGCCAGGAGACCUGCCAUAAGGUUUUAGAAGUUCGCCUUCGGGGGGAAGGUGAACA,.....(..((((((((((((((((..........))))))).....((....(.((((.......))))){{(([[[[[[)).(((...((((...(....(.(......(((.(((((....)))))...))).).)....)......))))..}}))).....))))))))))).)......(((..((((]]]]].]))))..))).,RNA
3F2Q,strand_X,GGAUCUUCGGGGCAGGGUGAAAUUCCCGACCGGUGGUAUAGUCCACGAAAGUAUUUGCUUUGAUUUGGUGAAAUUCCAAAACCGACAGUAGAGUCUGGAUGAGAGAAGAUUC,((((((((......(((.......))).[[((((((....[[))))..((((....))))...(((((.......)))))]])).(((....]]))).......)))))))),RNA
3F4E,strand_X,GGAUCUUCGGGGCAGGGUGAAAUUCCCGACCGGUGGUAUAGUCCACGAAAGCUU,..............(((.......))).....((((......))))........,RNA
3F4E,strand_Y,GCUUUGAUUUGGUGAAAUUCCAAAACCGACAGUAGAGUCUGGAUGAGAGAAGAUUC,.......(((((.......))))).....(((......)))...............,RNA
2YIF,strand_X,GGAUCUUCGGGGCAGGGUGAAAUUCCCGACCGGUGGUAUAGUCCACGAAUCCAU,..............(((.......))).....((((......))))........,RNA
2YIF,strand_Z,GGAUUGAUUUGGUGAAAUUCCAAAACCGACAGUAGAGUCUGGAUGAGAGAAGAUUCG,.......(((((.......))))).....(((......)))................,RNA
6WJS,strand_X,GGAUCUUCGGGGCAGGGUGAAAUUCCCGACCGGUGGUAUAGUCCACGAAAGUAUUUGCUUUGAUUUGGUGAAAUUCCAAAACCGACAGUAGAGUCUGGAUGAGAGAAGA,.....(((......(((.......))).[[((((((....[[))))..(((......)))...(((((.......)))))]])).(((....]]))).......)))..,RNA
3SUY,strand_X,GGACAGAGUAGGUAAACGUGCGUAAAGUGCCUGAGGGACGGGGAGUUGUCCUCAGGACGAACACCGAAAGGUGGCGGUACGUUUACCGCAUCUCGCUGUUC,..........(((((((((((((......(((((((((..[[[[..).)))))))).....((((....))))))).))))))))))...]]]].......,RNA
3SD3,strand_A,GGAGAGUAGAUGAUUCGCGUUAAGCGUGUGUGAAUGGGAUGUCGUCACACAACGAAGCGAGAGCGCGGUGAAUCAUUGCAUCCGCUCCA,((((....((((((((((((......(((((((...[[[[[...))))))).....((....))))).))))))))).]]]]].)))).,RNA
4LVV,strand_A,GGAGAGUAGAUGAUUCGCGUUAAGUGUGUGUGAAUGGGAUGUCGUCACACAACGAAGCGAGAGCGCGGUGAAUCAUUGCAUCCGCUCCA,((((....((((((((((((......(((((((...[[[[[...))))))).....((....))))).))))))))).]]]]].)))).,RNA
7WI9,strand_V,GGCGUGGUCCGUUCAACUCGUUCCUCGAAAGAGGAACUACGGGAGACGCC,(((((..(((((.......(((((((....))))))).)))))..))))),RNA
7WIA,strand_V,GGCGUGGUCCGUUCAAGUCGUUCCUCGAAAGAGGAACUACGGGAGACGCC,(((((..(((((.......(((((((....))))))).)))))..))))),RNA
2GDI,strand_X,GGACUCGGGGUGCCCUUCUGCGUGAAGGCUGAGAAAUACCCGUAUCACCUGAUCUGGAUAAUGCCAGCGUAGGGAAGUUC,(((((((((.((((.(((.....))))))......)..)))).....(((...((((......))))...)))..))))),RNA
2CKY,strand_A,GGGACCAGGGGUGCUUGUUCACAGGCUGAGAAAGUCCCUUUGAACCUGAACAGGGUAAUGCCUGCGCAGGGAGUGUC,..((((((((..(((((....))))).........)))).....(((...((((......))))...)))..).))),RNA
2HOJ,strand_A,GCGACUCGGGGUGCCCUUCUGCGUGAAGGCUGAGAAAUACCCGUAUCACCUGAUCUGGAUAAUGCCAGCGUAGGGAAGUCGCA,((((((((((.((((............)))......)..)))).....(((...((((......))))...)))..)))))).,RNA
3K0J,strand_E,GCGACUCGGGGUGCCCUCCAUUGCACUCCGGAGGCUGAGAAAUACCCGUAUCACCUGAUCUGGAUAAUGCCAGCGUAGGGAAGUCGC,((((((((((.((((.(((..........))))))......)..)))).....(((...((((......))))...)))..)))))),RNA
8F4O,strand_B,GCGACUCGGGGUGCCCUUCUGCGUGAAGGCUGAGAAAUACCCGUAUCACCUGAUCUGGAUAAUGCCAGCGUAGGGAAGUCG,.(((((((((.((................)......)..)))).....(((....(((......)))....)))..))))),RNA
2GIS,strand_A,GGCUUAUCAAGAGAGGUGGAGGGACUGGCCCGAUGAAACCCGGCAACCAGAAAUGGUGCCAAUUCCUGCAGCGGAAACGUUGAAAGAUGAGCCA,((((((((....(.(((...(((.[.[[)))......))))(((..(((....))).)))...(]].](((((....)))))..))))))))).,RNA
3GX2,strand_A,GGCUUAUCAAGAGAGGUGGAGGGACUGGCCCGACGAAACCCGGCAACCAGAAAUGGUGCCAAUUCCUGCAGCGGAAACGUUGAAAGAUGAGCCG,((((((((....(.(((...(((.[.[[)))......))))(((..(((....))).)))...(]].](((((....)))))..))))))))).,RNA
3GX7,strand_A,GGCUUCGCAAGAGAGGUGGAGGGACUGGCCCGACGAAACCCGGCAACCAGAAAUGGUGCCAAUUCCUGCAGCGGAAACGUUGAAAGCGGAGCCG,((((.(((....(.(((...(((.[.[[)))......))))(((..(((....))).)))...(]].](((((....)))))..)))).)))).,RNA
3IQN,strand_A,GGCUUAUCAAGAGAGGUGGAGGGACUGGCCCGAUGAAACCCGGCAGCCAGAAAUGGUGCCAAUUCCUGCAGCGGAAACGUUGAAAGAUGAGCCG,((((((((....(.(((...(((.[.[[)))......))))(((..(((....))).)))...(]].]((.((....)).))..))))))))).,RNA
3IQP,strand_A,GGCUUAUCAAGAGAGGUGGAGGGACUGGCCCGAUGAAACCCGGCAACCAGAAAUGGUGCCAAUUCCUGCAGCGGAAACGUUGAAAGAUGAGCCG,((((((((....(.(((...(((.[.[[)))......))))(((.((((....)))))))...(]].](((((....)))))..))))))))).,RNA
4KQY,strand_A,GUUCUUAUCAAGAGAAGCAGAGGGACUGGCCCGACGAAGCUUCAGCAACCGGUGUAAUGGCGAAAGCCAUGACCAAGGUGCUAAAUCCAGCAAGCUCGAACAGCUUGGAAGAUAAGAAC,(((((((((....(((((...(((.[[[[)))......)))))(((..(((((...(((((....))))).)))..)).)))...(]]]](((((.......)))))..)))))))))),RNA
2YDH,strand_A,GGCUUAUCAAGAGAGGUUUAGGGACUGGCCCGACGAAACCCGGCAACCAGAAAUGGUGCCAAUUCCUGCAGCGGAAACGUUGAAAGAUGAGCCG,((((((((....(.(((...(((.[.[[)))......))))(((..(((....))).)))...(]].](((((....)))))..))))))))).,RNA
4B5R,strand_A,GGCUUAUCAAGAGAGGGGGAGCGACUGGCGCGAAGAACCCCGGCAACCAGAAAUGGUGCCAAUUCCUGCAGCGGAAACGUUGAAAGAUGAGCCG,((((((((....(.(((...(((.[.[[)))......))))(((..(((....))).)))...(]].](((((....)))))..))))))))).,RNA
4OQU,strand_A,GGAUCACGAGGGGGAGACCCCGGCAACCUGGGACGGACACCCAAGGUGCUCACACCGGAGACGGUGGAUCCGGCCCGAGAGGGCAACGAAGGUCCGA,(((((....((((....))))(((..((((((.[[[[[.))).))).)))..(((((....)))))))))).((((....)))).......]]]]].,RNA
2QWY,strand_A,GCGCGGCGAUUUAACCGUAUUGCAGUCGCGUGAUAAAUGUAGCUAAAAAGGA,.[[[[[[.......((...(((((]]]]]].........).)).))...)).,RNA
3E5C,strand_A,GUUCCCGAAAGGAUGGCGGAAACGCCAGAUGCCUUGUAACCGAAAGGGGGAAU,((((((..((((.(((((....)))))....))))....((....)))))))),RNA
6C27,strand_A,GGGACAAGUUCCCGAAAGGAUGGCGGAAACGCCAGAUGCCUUGUCCC,.(((((((.(((.....)))(((((....))))).....))))))).,RNA
6UES,strand_A,GGUCAUGAGUGCCAGCGUCAAGCCCCGGCUUGCUGGCCGGCAACCCUCCAACCGCGGUGGGGUGCCCCGGGUGAUGACCAGGUUGAGUAGCCGUGACGGCUACGCGGCAAGCGCGGGUC,((((....(.(((((((...((.[[[[[))))))))))((((.((((((.{{{{{)).))))))))]]]]]....))))..((((.((((((.....)))))).))))....}}}}.}.,RNA
6FZ0,strand_A,AGGCGCAUUUGAACUGUAUUGUACGCCUUGCAUAAAGCAAAAGUACUAAAAA,[[[[..............((((((]]]]((.......))...)))).))...,RNA
6LAS,strand_A,GGCAUUGUGCCUCGCAUUGCACUCCGCGGGGCGAUAAGUCCUGAAAAGGGAUGUC,((((((..(((((((..........))))))).......(((....))))))))),RNA
6LAX,strand_A,GGCAUCGUGCCUCGCAUUGCACUCCGCGGGGCGAUAAGUCCUGAAAAGGGAUGUC,((((((..(((((((..........))))))).......(((....))))))))),RNA
6YML,strand_A,GGUCACAACGGCUUCCUGGCGUGACC,((((((..(........)..)))))),RNA
3NPN,strand_A,GGACGAGGAGCGUUGCAAGCGAAAGCCCAGGCUAGUCCGUUCAAACGGCGCUCA,...[.[[(((((...[..((....))...(]]].]..........)..))))).,RNA
3NPQ,strand_A,GGACGAGGAGCGCUGCAAGCGAGAGCCCAGGCUCGUCCGUUCAAACGGCGCUCA,...[[[[((((((..[..((....))...(]]]]]..........).)))))).,RNA
6TB7,strand_A,GGCUUCAACAACCCCGUAGGUUGGGCCGAAAGGCAGCGAAUCUACUGGAGCC,(((((((.....[[.((((((((.(((....))).])])))))))))))))),RNA
7D7V,strand_A,GCGCAACAUCCCCGCCGGUUGGGCGCAUUGCACUCCGCGCAGUGAACCGGCUGCGCC,(((((.....[[.((((((((.((((..........)))).])])))))))))))).,RNA
7D7W,strand_A,GCUUCAACAACCCCGUAGGUGGGGACGAAAGUCAGCGCACCUACUGGAGCC,((((((.....[[.((((((((.(((....))).])]))))))))))))).,RNA
7D81,strand_A,GGUUUCAACAUCCCCGUUCGGCGCUCGAAAGAGGUGGCCGGACUGAAGCC,(((((((........(((((((.(((....)))...)))))))))))))),RNA
8HB8,strand_A,GCGGCGUUGCGUCCGAAAGUCUAAACAGACACGGCCGCUUAAAAACAAAAGGAGA,((((((...[.[[[....(((......))).).)))))............]]]].,RNA
8HBA,strand_A,CGCGGCGUUGCGUCCGAAAGUCUAAACAGACACGGCCGCUUAAAAACAAAAGGAGA,.((((((...[.[[[....((........)).).)))))............]]]].,RNA
6WJR,strand_X,GGAUCUUCGGGGCAGGGUGAAAUUCCCGACCGGUGGUAUAGUCCACGAAAGUAUUUGCUUUGAUUUGGUGAAAUUCCAAAACCGACAGUAGAGUCUGGAUGAGAGAAGAUU,.(((((((......(((.......))).[[((((((....[[))))..(((......)))...(((((.......)))))]])).(((....]]))).......))))))),RNA
2YGH,strand_A,GGCUUAUCAAGAGAGGUGAAGGGACUGGCCCGACGAAACCCGGCAACCAGAAAUGGUGCCAAUUCCUGCAGCGGAAACGUUGAAAGAUGAGCCGA,((((((((......(((...(((...[[)))......))).(((..(((....))).)))....]]..(((((....)))))...))))))))..,RNA
4AOB,strand_A,GGCUUAUCAAGAGAGGGCAAGAGACUGGCUUGAUGACCCCCGGCAACCAAAAAUGGUGCCAAUUCCUGCAGAGGAAACGUUGAAAGAUGAGCCA,((((((((......(((...(((...[[)))......))).(((..(((....))).)))....]]..(((........)))...)))))))).,RNA
7EAF,strand_A,GGCUUAUCAAGAGAGGGCGAGGGACUGGCCCGACGACCCCCGGCAACCAGAAAUGGUGCCAAUUCCUGCAGCGGAAACGUUGAAAGAUGAGCCG,((((((((......(((...(((...[[)))......))).(((..(((....))).)))....]]..(((((....)))))...)))))))).,RNA
4L81,strand_A,GGAUCACGAGGGGGAGACCCCGGCAACCUGGGACGGACACCCAAGGUGCUCACACCGGAGACGGUGGAUCCGGCCCGAGAGGGCAACGAAGUCCGU,(((((....((((....))))(((..((((((.[[[[..))).))).)))..(((((....)))))))))).((((....)))).......]]]].,RNA
6HAG,strand_A,GUCACAACGGCUUCCUGACGUGGCAGAUUGAAUUAUUGGAGCA,(((((....[[[.[[....))))).............]]]]].,RNA
6DLR,strand_A,GGAAAGUGUGUCUAGGGUUCCGCGUGCUUCGGCACGGACUGGUCCAAGUGACACAGACGCAUUCGUGCGUUACACCGGAGGGAUAGAAGCCCAGGCGGGUAGGUUUC,.((((.((((((..((...((((((((....)))))..).)).))....))))))((((((....)))))).[.(((..(((.......))).].))).....)))),RNA
6WTR,strand_A,GGUUGCCGAAUCCUUUACUUGGUACGGAGGAACCGCUUUUUGGGGUUAAUCUGCAGUGAAGCUGCAGUAGGGAUACCUUCUGUCCCGCACCCGACAGCUAACUCCGGAGGCAAUAAAGGAAGGAG,...((((....((.......))..(((((....(.....(.{((((....((((((.....))))))..(((((.[[[[[[)))))..)))).)}.)....)))))..)))).....]]]]]]..,RNA
5T83,strand_A,GUCUAAAGUUUGCUAGGGUUCCGCGUCAUAGGUGGUCUGGUCCAAGAGCAAACGGCUUUCACAAAGCCACACGGAAGGAUAAAAGCCUGGGAGAU,.......((((((..((...(((((((...))))..).)).))....))))))((((.......)))).(.[....((.......))..)..]..,RNA
2XO0,strand_A,GGACAUAUAAUCGCGUGGAUAUGGCACGCAAGUUUCUACCGGGCACCGUAAAUGUCCGAUUAUGUC,..((((((..(.(((((.....[[))))).)[.....)]((((((]].....))))))..))))).,RNA
3UD3,strand_R,GGUCACGCACAGGGCAAACCAUUCGAAAGAGUGGGACGCAAAGCCUCCGGCCUAAACCAUUGCACUCCGGUAGGUAGCGGGGUUAUCGAUGG,...(.((......((...((((((....))))))..[))...(((.((((((((..((..........))))))).]))))))...))...),RNA
3B4B,strand_B,CCGGCUUUAAGUUGACGAGAGCAGGGUUUAUCGAGACAUCGGCGGGUGCCCUGCGGUCUUCCUGCGACCGUUAGAGGACUGGUAAAACCACAGGCGACUGUGGCAUAGAGCAGUCCGGGCAGGAA,...............(((...[[[[[[...)))..............]]]]]][[[[[.((((((]]]]].....((((((......((((((....)))))).......))))))..)))))).,RNA
3GCA,strand_A,CUGGGUCGCAGUAACCCCAGUUAACAAAACAAG,(((((...[.[....))))).........]..],RNA
3MUV,strand_R,GGUCACGCACAGAGCAAACCAUUCGAAAGAGUGGGACGCAAAGCCUCCGGCCUAAACCGAUUGCACUCCGGUAGGUAGCGGGGUUAUCGAUG,...((((......((...((((((....))))))..[))...(((.(((((((...((...........)).)))).]))))))...)).)),RNA
5FKH,strand_A,GGCUUAUCAAGAGAGGGUGAGCGACUGGCGCGAAGACCCCCGGCAACCAGAAAUGGUGCCAAUUCCUGCAGCGGAAACGUUGAAAGAUGAGCCG,((((((((....(.(((...(((.[.[[)))......))))(((..(((....))).)))...(]].](((((....)))))..))))))))).,RNA
3DIY,strand_A,GGCCGACGGAGGCGCGCCCGAGAUGAGUAGGCUGUCCCAUCAGGGGAGGAAUCGGGGACGGCUGAAAGGCGAGGGCGCCGAAGGGUGCAGAGUUCCUCCCGCUCUGCAUGCCUGGGGGUAUGGGGAAUACCCAUACCACUGUCACGGAGGUCUCUCCGUGGAGAGCCGUCGGUC,(((((((((..(.((((((..(.......(((((((((..(..[[[[[[....))))))))))......)..)))))))..((((((((((((.]]]]]]))))))))).)))((.((((((((.....)))))))).)).((((((((....))))))))....))))))))),RNA
8TVZ,strand_C,GGAAUCUCGCCCGAUGUUCGCAUCGGGAUUUGCAGGUCCAUGGAUUACACCAUGCAACGCAGACCUGUAGAUGCCACGCUAGCCGUGGUGAGGGUCGGGUCCAGAUGUCAUUCGACUUUAACGCGCCUAAGCGUUGAAGGCGUGUUAGAGCAGAUAGUUCGCUAUCUGGGGAGCCUGUUCGCAGGCUCAGGAGCCUUCGGGCUCCUAGCGCUAUUACCCCGGACACCACCGGGCAGACAAGUAAUGGUGCUCCUCGAAUGACUUCUGUUGAGUAGAGUGUGGGCUCCGCGGCUAGUGUGCACCUUAGCGGUGAAUGUCUGACACCGUUAAGGUGGUUACUCUUCGGAGUAACGCCGAGAUUCC,((((((((((((((((....)))))))((((.(((((((((((......)))))[[[[[[.)))))).))))((((((((((((((((.(.....(...((((((.((((((((((((((((.(((((..]]]]]].))))).)))))))(((((((....)))))))(((((((((....)))))))(((((((....)))))))((((((((((((((((......)))))[[[[[[.)))))))))))))))))))))).))))..)).........)..).))))))))))))))(((((((((((((..]]]]]].)))))))))))))(((((((....)))))))))))))))))),RNA
6UBU,strand_B,GGACAUAUAAUCGCGUGGAUAUGGCACGCAAGUUUCUACCGGGCACCGUAAAUGUCCGACUAUGUCC,((((((((..(.(((((.....[[))))).)[.....)]((((((]].....))))))..))))))),RNA
8DK7,strand_C,GGCGAUACCAGCGAAACACGCCCUUGGCAGCGUC,((((...(..(((.....))).....)...)))),RNA
4ENB,strand_A,GGGCGAUGAGGCCCGCCCAAACUGCCCUGAAAAGGGCUGAUGGCCUCUACUG,.[[[[..((((((]]]]......(((((....)))))....)))))).....,RNA
3IVN,strand_A,GGCCAGUAUAACCUCAAUGAUAUGGUUUGAGGGUGUCUACCAGGAACCGUAAAAUCCUGACUACUGGUC,(((((((((..((((((......[[.))))))[.{...)](((((.]]......))))).})))))))),RNA
8HZE,strand_A,GAAGAUUGUAAACAUGCCGAAAGGCAGACACUUCC,((((..........((((....))))....)))).,RNA
8U5P,strand_A,GCGUACGAAGGAGAGGAGAGGAAGAGGAGAGUACGC,((((((........................)))))),RNA
8U5P,strand_C,GCGUACGAAGGAGAGGAGAGGAAGAGGAGAGUACG,.(((((........................))))),RNA
4KZE,strand_R,GGACGCGACCGAAAUGGUGAAGGACGGGUCCAGUGCGAAACACGCACUGUUGAGUAGAGUGUGAGCUCCGUAACUGGUCGCGUC,.((((((((((..((((.(.....(...(((((((((.....)))))))..)).........)..).))))..).))))))))),RNA
8HZL,strand_A,GGAAGAUUGUAAACAGCGAGAUUGUAAACAGCGAGAUUGUAAACAUGCCGAAAGGCAGACACUCGCGACACUCGCGACACUUUC,(((((..........(((((..........(((((..........((((....))))....)))))....)))))....))))),RNA
8YAM,strand_A,CUGGGUCGCAGUCCCCCAGUUAACAAAACAAG,(((((...[.[...))))).........]..],RNA
8TOZ,strand_A,GAGCAACCUAGGAUUUUAGGCUCCCCGGCGUGUCUCGAACCAUGCCGGGCCAAACCCAUAGGGCUGGCGGUCCCUGUGCGGUCAGAAUUCAUCCGCCGGAG,[[[[......((((((...]]]](((((((((........)))))))))....((((((((((........))))))).)))..))))))...........,RNA
1F1T,strand_A,GGAUCCCGACUGGCGAGAGCCAGGUAACGAAUGGAUCC,((((((((.(((((....)))))....))...)))))),RNA
5DUN,strand_A,UUUUUAAUGAAGCCACAGGCUGUGAGGGUCCUAAGCCCCUAAUUCAGAAGGGAA,.((....(((({{(((((.))))).(((.[[[..}})))...))))..]]].)),RNA
7OAV,strand_A,GGCUAGCUGGAGGGGCGCCAGUUCGCUGGUGGUUGGGUGCGGUCGGCUAGCC,.(((((((.(....(((((((....)))))........))...)))))))).,RNA
3FU2,strand_A,AGAGGUUCUAGCUACACCCUCUAUAAAAAACUAA,(((((...[[[......)))))........]]].,RNA
2EES,strand_A,GGACAUUUAAUCGCGUGGAUAUGGCACGCAAGUUUCUACCGGGCACCGUAAAUGUCCGACAAUGUCC,.(((((((..(.(((((.....[[))))).)[.....)]((((((]].....))))))..)))))).,RNA
8VPV,strand_A,GAGCAACUUAGGAUUUUAGGCUCCCCGGCGUGUCUCGAACCAUGCCGGGCCAAACCCAUAGGGCUGGCGGUCCCUGUGCGGUCAAAUUCAUCCGCCGGAG,[[[[......((((((...]]]](((((((((........)))))))))....((((((((((........))))))).))).))))))...........,RNA
5BJO,strand_E,GGCGCGAGGAAGGAGGUCUGAGGAGGUCACUGCGCC,(((((...(........).((.....))...))))),RNA
4FEP,strand_B,GGACAUAUAUACGCGUGGAUAUGGCACGCGAGUUUCUACCGGGCACCGUAAAUGUCCGAUUAUGUCC,((((((((...((((((.....[[)))))).[.....)]((((((]].....))))))..))))))),RNA
5SWD,strand_A,GGGAAGAUAUAAUCCUAAUGAUAUGGUUUGGGAGUUUCUACCAAGAGCCUUAAACUCUUGAUUAUCUUCCC,......(((...((((((......[[.))))))((.{..))((((((]].....))))))}.)))......,RNA
1NEM,strand_A,GGACUGGGCGAGAAGUUUAGUCC,(((((((((.....))))))))),RNA
8EYU,strand_B,GCGCCGGUUAGGCAGAGGUGGGUGGUGUGGAGGAGUAUCUGUCCGGCGC,((((((....((((((.........(..........))))))))))))),RNA
4M4O,strand_B,GGGUUCAUCAGGGCUAAAGAGUGCAGAGUUACUUAGUUCACUGCAGACUUGACGAACCC,((((((.(((((.((.......((((.(.(.[..)]..).)))))).))))).)))))),RNA
7KVU,strand_G,GGGAAGAUACAAGGUGAGCCCAAUAAUAUGGUUUGGGUUAGGAUAGGAAGUAGAGCCUUAAACUCUCUAAGCGGUAUCUUCCC,((((((((((.......((((((......[[.))))))........(..(.((((]].....)))))....).)))))))))),RNA
8XZQ,strand_A,GGGUGUGUACCGUUCAACUCGUCCCAGCUUCGACUGGGACUACGGGAGCGCCU,((((((...((((.......((((((((...).))))))).))))..)))))),RNA
7MSF,strand_R,UCGCCAACAGGCGG,.((((....)))).,RNA
7MSF,strand_S,UCGCCAACAGGCG,..(((....))).,RNA
8UTA,strand_N,GGACAAAGAUAAAAACACAACGUAUGGCGAAACACGUCAUACAGAUCCGGUAGGUAGUCCGGACAUAAACAGCGGUAUAAAGCGCUGUUUAUAAGUAACCUUCCUCCUUAGGUCGUCCAUUCUUUGUC,.((((((((.......{{...((((((((.....)))))))).(.(((((..[[.[}}))))))((((((((((........))))))))))...]...(..(((....)))..).]]..)))))))),RNA
3SKZ,strand_A,GGCCUUAUACAGGGUAGCAUAAUGGGCUACUGACCCCGCCUUCAAACCUAUUUGGAGACUAUAAGGUC,((((((((((..((((((.....[[))))))[.....)](((((((]]..)))))))..))))))))),RNA
6POM,strand_A,GUUGCAGUGAGAGAAAGAAGUACUUGCGUUACCUCAUGAAAGCGACCUUAGGGCGGUGUAAGCUAAGGAUGAGCACGCAACGAAAGGCAUUCUUGAGCAAUUUUAAAAAAGAGGCUGGGAUUUUGUUCUCAGCAACUAGGGUGGAACCGCGGGAGAACUCUCGUCCCUA,.((((.....(((((........(((((....(((((.....[..((((((..........])))))))))))..))))).........)))))..)))).............(((((((......)))))))....[.[[.......((((((....))))))]].].,RNA
6POM,strand_B,GCGGAAGUAGUUCAGUGGUAGAACACCACCUUGCCAAGGUGGGGGUCGCGGGUUCGAAUCCCGUCUUCCGCUCCA,(((((((..((((....{..)))).(((((.......))))).....(((((..}....))))))))))))....,RNA
7RWR,strand_A,GGAUACACAAGAGUGAUUGAAACUAAGUCUGUGUAUCC,((((((((.(((...............))))))))))),RNA
5FK2,strand_A,GGCUUAUCAAGAGAGGGGGAGCGACUGGCGCGAAGAGCCCCGGCAACCAGAAAUGGUGCCAAUUCCUGCAGCGGAAACGUUGAAAGAUGAGCCG,((((((((....(.(((...(((.[.[[)))......))))(((..(((....))).)))...(]].](((((....)))))..))))))))).,RNA
6DMC,strand_A,GGAAGUGUACCUAGGGAUCCACCUCGAGAGAGGAAGGACCAAGCGGUACAGGCCUACUUCGGUAGGUUACACCGUGGGGAUAAAAGACCCGUGGCAAGUUUC,((((.((((((..((...((.((((....))))..)).))....))))))(((((((....)))))))...(((((((.........)))))))....)))),RNA
5NZ6,strand_A,CCGGACGAGGUGCGCCGUACCCGGUCACGACAAGACGGCGC,[[[[........((((((.(]]]]....).....)))))).,RNA
7V9E,strand_A,CGGGCUGACCGACCCCCCGAGUUCGCUCGGGGACAACUAGACAUACAGUAUGAAAAUACUGAGCCCGC,(((((....((...(((((((....)))))))....)..).....((((((....)))))).))))).,RNA
1DDY,strand_A,GGAACCGGUGCGCAUAACCACCUCAGUGCGAGCAA,......[[[.{((....((]]]...).).}.))..,RNA
6WLK,strand_A,GGCGAUAUGGCAUGGAAUCAGCUCAAGGAACUGUGAACGUAUAUCGGGCAACGACUAGGAAACUAGUCGUUGGGAAGAAACUGCCGAUAUACGGGAGUUCCUUGAGCGGGAGAUUCCAUGCCUAAGUCGC,.(((((.((((((((((((.((((((((((((.....((((((((((.((((((((((....))))))))))...........))))))))))..))))))))))))....)))))))))))..)))))),RNA
3OXM,strand_A,GGCUCUGGAGAGAACCGUUUAAUCGGUCGCCGAAGGAGCAAGCUCUGCGGAAACGCAGAGUGAAACUCUCAGGCAAAAGGACAGAGUC,(((((((....(.((((......)))))(((...((((...((((((((....))))))))....))).).))).......))))))),RNA
7ZJ5,strand_E,GGAUACGUCUACGCUCAGUGACGGACUCUCUUCGGAGAGUCUGACAUCCGAACCAUACACGGAUGUGCCUCGCCGAACAGUCUACGGCGAGCUUAAGCGCUGGGGACGCCCAACGCAUCACAAAGACUGAGUGAUGAACCAGAAGUAUGGACUGGUUGCGUUGGUGGAGACGGUCGGGUCCAGUUCGCUGUCGAGUAGAGUGUGGGCUCCAUCGACGCCGCUUUAAGGUCCCCAAUCGUGGCGUGUCGGCCUGCUUCGGCAGGCACUGGCGCCGGGACCUUGAAGAGAUGAGAUUUCGAUCUCAUCUUUGGGUGUCUCUGGUGCUUGAGGGCCCUGUGUUCGCACAGGGCCGCUCACUGGGUGUGGACGUAUCC,((((((((((((((((((((((((((((((....)))))))))(((((((..[[[[[[.)))))))(((((((((..[[[[[[.)))))))((((((((((((((((((((((((((((((..]]]]]].))))))((((((..]]]]]].))))))((((((((((((.(...(...(((((....)))..)).........)).))))))))))))))((((((((((((.......(((((...(((((((....)))))).)..)))))))))))))))))(((((((........)))))))))))))))))))))))))))))(((((((((....)))))))))))))))))))))))))))))))),RNA
5NEX,strand_A,GGUGGGGACGACCCCACC,(((((((....))))))),RNA
2XO1,strand_A,GAACAUAUAAUCGCGUGGAUAUGGCACGCAAGUUUCUACCGGGCACCGUAAAUGUCCGAUUAUGUC,..((((((..(.(((((.....[[))))).)[.....)]((((((]].....))))))..))))).,RNA
4MEH,strand_B,GGCGGCUUUAAGUUGACGAGGGCAGGGUUAAACGAGACAUCGGCGAGUGCCCUGCGGUCUUCCUGCGACCGUUAGAGGACUGGUAAAACCACAGGCGACUGUGGCAUAGAGCAGUCCGGGCAGGAA,................((....[[[[[[....))..............]]]]]](((((..[[[[[))))).....((((((......((((((....)))))).......))))))..]]]]]..,RNA
7EOM,strand_A,GCGCACUGGCGCUGCGCCUUCGGGCGCCAAUCGUAGCGUGUCGGCGCC,((((.(..((((((((((....))))).......)))))...))))).,RNA
6WLM,strand_A,GGAAUCGGAUGAAGAUAUGAGGAGAGAUUUCAUUUUAAUGAAACACCGAAGAAGUAAAUCUUUCAGGUAAAAAGGACUCAUAUUGGACGAACCUCUGGAGAGCUUAUCUAAGAGAUAACACCGAAGGAGCAAAGCUAAUUUUAGCCUAAACUCUCAGGUAAAAGGACGGAG,....(((......((((((((....(.((.((((..)))).)))(((...((((....[))).).)))........))))))))...)))..(((((....(.(((((.....))))))(((...((((....(((......)))....]))).).))).......))))),RNA
7ELP,strand_A,GAGUAGAAGCGUUCAGCGGCCGAAAGGCCGCCCGGAAAUUGCUCC,(((((....[.(((.((((((....))))))..])))..))))).,RNA
3SKW,strand_A,GGCUUAUACAGGGUAGCAUAAUGGGCUACUGACCCCGCCUUCAAACCUAUUUGGAGACUAUAAGUC,(((((((((..((((((.....[[))))))[.....)](((((((]]..)))))))..)))))))),RNA
5DDQ,strand_A,CGUUGACCCAGGAAACUGGGCGGAAGUAAGGUCCAUUGCACUCCGGGCCUGAAGCAACGCG,(((((.(((((....)))))..[.....((((((..........))))))....)))))].,RNA
2EEW,strand_A,GGACAUAUAAUCGCGUGGAUAUGGCACGCAAGCUUCUACCGGGCACCGUAAAUGUCCGACUAUGUCC,((((((((..(.(((((.....[[))))).)[.....)]((((((]].....))))))..))))))),RNA
4LX5,strand_A,GGCUUCAUAUAAUCCGAAUGAUAUGGUUUCGGAGCUUCCACCAAGAGCCUUAAACUCUUGAUUAUGAAGUC,((((((((((..((((((......[[.))))))[.....)]((((((]].....))))))..))))))))),RNA
3D0X,strand_A,GGACGGAGGCGCGCCCGAGAUGAGUAGGCUGUCCCAUCAGGGGAGGAAUCGGGGACGGCUGAAAGGCGAGGGCGCCGAAGCGAGCAGAGUUCCUCCCGCUCUGCUUGGCUGGGGGUGAGGGGAAUACCCUUACCACUGUCGCGAAAGCGGAGAGCCGUCCA,((((((..(.((((((..(.......(((((((((..(..[[[[[[....))))))))))......)..)))))))..((((((((((((.]]]]]]))))))))).)))((.(((.((((.....)))).))).)).((((....))))....)))))).,RNA
6N5P,strand_A,GGUUGCCGAAUCCAUGUCGUUUGGUACGGAGGAACCGCUUUUUGGGGUUAAUCUGCAGUGAAGCUGCAGUAGGGAUACCUUCUGUCCCGCACCCGACAGCUAACUCCGGAGGCAAUAAAGGAAGGAG,...((((....(((.......)))..(((((....(.....(.{((((....((((((.....))))))..(((((.[[[[[[)))))..)))).)}.)....)))))..)))).....]]]]]]..,RNA
5FK5,strand_A,GGCUUAUCAAGAGAGGGAGAGCGACUGGCGCGAAGAACCCCGGCAACCAGAAAUGGUGCCAAUUCCUGCAGCGGAAACGUUGAAAGAUGAGCCG,((((((((....(.(((...(((.[.[[)))......))))(((..(((....))).)))...(]].](((((....)))))..))))))))).,RNA
4FEJ,strand_B,GGACAUAUAUUCGCGUGGAUAUGGCACGCAAGUUUCUACCGGGCACCGUAAAUGUCCGACUAUGUCC,((((((((..(.(((((.....[[))))).)[.....)]((((((]].....))))))..))))))),RNA
5BTP,strand_B,UAUCAGUUAUAUGACUGACGGAACGUGGAAUUAACCACAUGAAGUAUAACGAUGACAAUGCCGACCGUCUGGGCG,......(.((((..(.[[[[[...((((......))))..)..)))).)..........(((..]]]]]..))).,RNA
6C63,strand_C,GUACGAAGGAGAGGAGAGGAAGAGGAGAGUAC,..((........................))..,RNA
3K1V,strand_A,AGAGGUUCUAGCACAUCCCUCUAUAAAAAACUAA,(((((...[[[......)))))........]]].,RNA
5FK3,strand_A,GGCUUAUCAAGAGAGGGCGAGCGACUGGCGCGAAGACCCCCGGCAACCAGAAAUGGUGCCAAUUCCUGCAGCGGAAACGUUGAAAGAUGAGCCG,((((((((....(.(((...(((.[.[[)))......))))(((..(((....))).)))...(]].](((((....)))))..))))))))).,RNA
8F0N,strand_B,GCGCCGGUUAGGCAGUGGUGGGUGGUGUGGAGGAGUAGCUGUCCGGCGC,((((((....((((((.........(..........))))))))))))),RNA
8ITS,strand_A,GGGAGUUAGACUCGCGAAAGCGAGGAACUGCGAAAGCAGUACUUCC,(((((.....(((((....)))))..(((((....))))).))))),RNA
5FKF,strand_A,GGCUUAUCAAGAGAGGGCGAGCGACUGGCGCGAAGAUCCCCGGCAACCAGAAAUGGUGCCAAUUCCUGCAGCGGAAACGUUGAAAGAUGAGCCG,((((((((......(((...(((.[.[[)))......))).(((..(((....))).)))...(]].](((((....)))))..))))))))).,RNA
3IWN,strand_A,CACGCACAGGGCAAACCAUUCGAAAGAGUGGGACGCAAAGCCUCCGGCCUAAACGGCAUUGCACUCCGCCGUAGGUAGCGGGGUUACCGAUGG,((((......((...((((((....))))))..[))...(((.((((((((..((((..........))))))))).]))))))...)).)).,RNA
1Y26,strand_X,CGCUUCAUAUAAUCCUAAUGAUAUGGUUUGGGAGUUUCUACCAAGAGCCUUAAACUCUUGAUUAUGAAGUG,((((((((((..((((((......[[.))))))[.....)]((((((]].....))))))..))))))))),RNA
1XWU,strand_A,CGAAACAUAGAUUCGA,((((.(...).)))).,RNA
5VOE,strand_A,GAGAGCCCCAGCGAGAUAAUACUUGGCCCCGCUCUU,((((((....(((((......))).))...)))))),RNA
3OXD,strand_A,GGCUCUGGAGAGAACCGUUUAAUCGGUCGCCGAACGAGCAAGCUCUGCGGAAACGCAGAGUGAAACUCUGAGGCAAAAGGACAGAGUC,(((((((....(.((((......)))))(((...((((...((((((((....))))))))....))).).))).......))))))),RNA
4LX6,strand_A,GGCUUCAUAUAAUCCGAAUGAUAUGGUUUCGGAGCUUCCACCAAGAGCCUUAAACUCUUGACUAUGAAGUC,((((((((((..((((((......[[.))))))[.....)]((((((]].....))))))..))))))))),RNA
6SY6,strand_D,GGCGGAGAAUGUUAUGGCCUUCGGGCAGAGAAAACCG,...((...........(((....)))........)).,RNA
6QN3,strand_A,CGUUCACCCUUCGGGGCGCAUGAAAUGGGAGUAGGGAACGGGAUUCUCAU,......(((....)))........((((((((..........)))))))),RNA
4ZNP,strand_A,GGGAUACAGGACUGGCGGAUUAGUGGGAAACCACGUGGACUGUAUCCGAAAAAAAGCCGACCGCCUGGGCAUC,.((((((((..(.[[[[[....((((....))))..)..))))))))........(((..]]]]]..)))...,RNA
7SHX,strand_A,GGACCCAUAACCCACCUAGACCCUAGCUUCGGCUAGAGGGUCAACGCGAAAGCGAGGCCGGGUGGGCGGGUACGUCCGCCCUGGGGAGGGGUCC,((((((...((((.(...((((((((((..))))..))))))..(((....)))..)..))))(((((((....))))))).......)))))),RNA
6CK5,strand_A,GUGAAAGUGUACCUAGGGUUCCAGCCUAUUUGUAGGUGUUCGGACCGAGCGGUACAGGUAUAUUUUUAUAUACCACACCUUAGGGACAAAAGCCCGGGAGGAUAGGUUUCACUCGUA,.(((((.((((((..((...((((((((....)))))..).)).))....))))))((((((......)))))).[.((((.(((.......))).])))).....)))))......,RNA
6CK5,strand_B,GUGAAAGUGUACCUAGGGUUCCAGCCUAUUUGUAGGUGUUCGGACCGAGCGGUACAGGUAUAUUUUUAUAUACCACACCUUAGGGACAAAAGCCCGGGAGGAUAGGUUUCAC,((((((.((((((..((...((((((((....)))))..).)).))....))))))((..............)).[.((((.(((.......))).])))).....)))))),RNA
6E82,strand_A,GGCGCGAGGAAGGUGGUCUGAGGAGGUCACUGCGCC,(((((...(........).............))))),RNA
6PMO,strand_A,GAAAGUGGGUGCGCGUUUGGCGCAUCAACUCGGGUGGAACCGCGGGAGCUACGCUCUCGUCCCGAG,.......(.(((((.....))))).)..((((((.......((((((((...)))))))))))))),RNA
3P49,strand_A,GGAUAUGAGGAGAGAUUUCAUCCAUUGCACUCCGGAUGAAACACCGAAGAAGUAAAUCUUUCAGGUAAAAAGGACUCAUAUUGGACGAACCUCUGGAGAGCUUAUCUAAGAGAUAACACCGAAGGAGCAAAGCUAAUUUUAGCCUAAACUCUCAGGUAAAAGGACGGAG,.((((((((....(.((.(((((..........))))).)))(((....(((.....)))...)))........))))))))........(((((.......((((.....))))..(((...((((....(((......))).....))).).))).......))))),RNA
1RAW,strand_A,GGGAAGGGAAGAAACUGCGGCUUCGGCCGGCUUCCC,((((((...........((((....)))).)))))),RNA
4YB1,strand_R,GGGCACGCACAGAGCAAACCAUUCGAAAGAGUGGGACGCAAAGCCUCCGGCCUAAACCAUUGCACCUCGGUAGGUAGCGGGGUUACCGAUG,...((((......((...((((((....))))))..[))...(((.(((((((...((..........)).)))).]))))))...)).)),RNA
6CC3,strand_A,GAAAGGGGAGUAGCGUCGGGAAACCGAAACAAAGUCGACAUACUGUGAGGAAACUCACCGGCUUUGUUGACAUACGAAAGUAUGUUUAGCAAGACCUUUCC,.(((((......((.((((....))))((((((((((.......(((((....)))))))))))))))(((((((....)))))))..))....)))))..,RNA
6PQ7,strand_C,GUACGAAGGAAGGUUUGGUAUGGGGUAGUUGUCGUAC,((((((....(..................).)))))),RNA
4Y1J,strand_A,AAAGGGGAGUAGCGUCGGGAAACCGAAACAAAGUCGUCUAUUCGUGAGGAAACUCACCGGCUUUGUUGACAUACGAAAGUAUGUUUAGCAAGACCUUUCC,(((((......((.((((....))))((((((((((.......(((((....)))))))))))))))(((((((....)))))))..))....)))))..,RNA
4QLM,strand_A,GGAUCGCUGAACCCGAAAGGGGCGGGGGACCCAGAAAUGGGGCGAAUCUCUUCCGAAAGGAAGAGUAGGGUUACUCCUUCGACCCGAGCCCGUCAGCUAACCUCGCAAGCGUCCGAAGGAGAAUC,....((((.............((((((....(......(((((....(((((((....)))))))..(((((.[[[[[[[)))))..))))..).)....)))))).))))...]]]]]]]....,RNA
5FK6,strand_A,GGCUUAUCAAGAGAGGGAGAGCGACUGGCGCGAAGACCCCCGGCAACCAGAAAUGGUGCCAAUUCCUGCAGCGGAAACGUUGAAAGAUGAGCCA,((((((((....(.(((...(((.[.[[)))......))))(((..(((....))).)))...(]].](((((....)))))..))))))))).,RNA
6CK4,strand_A,GUGAAAGUGUACCUAGGGUUCCAGCCUAUUUGUAGGUGUUCGGACCGAGCGGUACAGGUAUAUUUUUAUAUACCACACCUUAGGGACAAAAGCCCGAGAGGAUAGGUUUCACUCGUA,.(((((.((((((..((...(.((((((....)))))..)..).))....))))))((((..........))))...((((.(((.......)))..)))).....)))))......,RNA
2LUN,strand_A,GGGCAGUGAUGCUUCGGCAUAUCAGCCC,((((.(..((((....))))..).)))),RNA
8FB3,strand_A,UGUGGUUCGCAACCAUCCCACAUAAAAAAACUAG,(((((....[.......)))))...........],RNA
5NDI,strand_A,UUUGCAGGACGACCUGCAAA,((((((((....)))))))),RNA
3UZS,strand_C,GGCAGACCAUACGGGAGAGAAACUUGCC,(((((.((.....))........))))),RNA
7EOH,strand_A,GGCGCACUGGCGCUGCGCCUUCGGGCGCCAAUCGUAGCGUGUCGGCGCC,(((((.(..((((((((((....))))).......)))))...)))))),RNA
5NZD,strand_A,CCGGACGAGGUGCGCCGUACCCGGUCAGGACAAGACGGCGC,[[[[.......(((((((.(]]]]....).....))))))),RNA
6E8T,strand_D,GUACGAAGGAAGGUUUGGUAUGUGGUAUAUUCGUAC,(((((((......................))))))),RNA
2L1V,strand_A,GGAGAGGUUCUAGUUAUACCCUCUAUAAAAAACUAA,..(((((...[[[......)))))........]]].,RNA
5U3G,strand_B,GGUGACUAGGGUUCCGGCGAAAGCCGGUCCGAGAGUUACCGACCGCCGAAAGGCGGUUACACGGCGGGAAAAAAGCCCGGGAGGA,((((((..((...(((((....))))).))....))))))(((((((....))))))).(.[...(((.......))).)..]..,RNA
2KXM,strand_A,GGCUGCUUGUCCUUUAAUGGUCCAGUC,(((((...(.((......)).)))))),RNA
3GOT,strand_A,GGACAUAUAAUCGCGUGGAUAUGGCACGCAAGUUUCUACCGGGCACCGUAAAUGUCCGAUUAUGUCC,.(((((((..(.(((((.....[[))))).)[.....)]((((((]].....))))))..)))))).,RNA
6N2V,strand_A,GGCUUGGGGAGUAGCCUGCUUUCGGAAACGAAAGCGCCUGUAUCAACAUACUCGGCGAAAGCCGUGGUGCAGGACCGAAAGGUCUGGCGAGACCAGGCC,(((((((......(((.(((((((....))))))).(((((((((.......((((....)))))))))))))(((....)))..)))....))))))),RNA
6B14,strand_R,GACGCGACCGAAAUGGUGAAGGACGGGUCCAGUGCGAAACACGCACUGUUGAGUAGAGUGUGAGCUCCGUAACUGGUCGCGUC,((((((((((..((((.(.....(...(((((((((.....)))))))..)).........)..).))))..).))))))))),RNA
8U60,strand_A,GCGUACGAAGGAGAGGAGAGGAUGAGGAGAGUACGC,((((((........................)))))),RNA
3UCU,strand_R,GGUCACGCACAGGGCAAACCAUUCGAAAGAGUGGGACGCAAAGCCUCCGGCCUAAACCAUUGCACUCCGGUAGGUAGCGGGGUUACCGAUGG,...(.((......((...((((((....))))))..[))...(((.((((((((..((..........))))))).]))))))...))...),RNA
6DB9,strand_R,GGAUGCGCCUUGAAAAGCCUGCGAAACACGCAGCUGGUGAAUGACAGCUAUGGCGCAUCC,(((((((((..(.....[).(((.....)))(((((......].)))))..))))))))),RNA
6SY4,strand_C,GGCCGGAGAAUGUUAUGGCGCGAAAGCGCAGAGAAAACCGG,...(((...........((((....))))........))).,RNA
3PDR,strand_X,GGGCUUCGUUAGGUGAGGCUCCUGUAUGGAGAUACGCUGCUGCCCAAAAAUGUCCAAAGACGCCAAUGGGUCAACAGAAAUCAUCGACAUAAGGUGAUUUUUAAUGCAGCUGGAUGCUUGUCCUAUGCCAUACAGUGCUAAAGCUCUACGAUUGAAGCCCA,((((((((([.(((..(((..((((((((......(((((((((((....((((....))))....))))).....(((((((((......])))))))))..).))))).((........))....)))))))).)))...)))..))....))))))).,RNA
6WTL,strand_A,GGUUGCCGAAUCCAUAUGUGGUACGGAGGAACCGCUUUUUGGGGUUAAUCUGCAGUGAAGCUGCAGUAGGGAUACCUUCUGUCCCGCACCCGACAGCUAACUCCGGAGGCAAUAAAGGAAGGAG,...((((....(((....)))..(((((....(.....(.{((((....((((((.....))))))..(((((.[[[[[[)))))..)))).)}.)....)))))..)))).....]]]]]]..,RNA
4FEL,strand_B,GGACAUAUAAACGCGUGGAUAUGGCACGCGAGUUUCUACCGGGCACCGUAAAUGUCCGACUAUGUCC,((((((((...((((((.....[[)))))).[.....)]((((((]].....))))))..))))))),RNA
3LA5,strand_A,GGCUUCAUAUAAUCCGAAUGAUAUGGUUUCGGAGCUUCCACCAAGAGCCUUAAACUCUUGACUAUGGAGUC,((((.(((((..((((((......[[.))))))[.....)]((((((]].....))))))..)))).)))),RNA
8FZA,strand_A,UUGGGUUCCCUCACCCCAAUCAUAAAAAGG,.((((...[[[...)))).........]]],RNA
5VJ9,strand_A,GCGGGGACGACCCUGC,((((((....)))))),RNA
4JRC,strand_A,GGAACCCUCUCUUCCGAAGCGAGCCGGGGGCGGUGGGAGCCCGGUGAAGACGGUUCC,((((((...(((((.....[..((((((..........]))))))))))).)))))),RNA
7UZ0,strand_A,GCGGAAGUAGUUCAGUGGUAGAACACCUACUGGCCCGAAAGGGUGGAACCCCAGUAGGGGGUCGCGGGUUCGAGUCCCGUCUUCCGC,(((((((..((((....[..)))).(((((((((((....))).......)))))))).....(((((..]....)))))))))))),RNA
5KH8,strand_A,GGCGAUGGUGUUCGCCAUAAACGCUCUUCGGAGCUAAUGACACCUAC,[[[[..((((((]]]]......((((....))))....))))))...,RNA
8D2A,strand_A,GGCGAUACCAGCCGAAAGGCCCUUGGCAGCGCC,((((...((.(((....)))....))...)))),RNA
6N5K,strand_A,GGUUGCCGAAUCCAUGAUUUGGUACGGAGGAACCGCUUUUUGGGGUUAAUCUGCAGUGAAGCUGCAGUAGGGAUACCUUCUGUCCCGCACCCGACAGCUAACUCCGGAGGCAAUAAAGGAAGGAG,...((((....(((.....)))..(((((....(.....(.{((((....((((((.....))))))..(((((.[[[[[[)))))..)))).)}.)....)))))..)))).....]]]]]]..,RNA
4Y1M,strand_B,GAUUUGGGGAGUAGCCGAUUUCCGAAAGGAAAUGUACGUGUCAACAUUUUCGUUGAAAAACGUGGCACGUACGGACUGAAGAAAUUCAGUCAGGCGAGACCAUAUCC,(((.(((......(((.((((((....))))))((((((((((.......((((....)))))))))))))).(((((((....))))))).)))....))).))).,RNA
3GOG,strand_A,GGACAUGUAAUCGCGUGGAUAUGGCACGCAAGUUUCUACCGGGCACCGUAAAUGUCCGACCAUGUC,.(((((((..(.(((((.....[[))))).)[.....)]((((((]].....))))))..)))))),RNA
6UP0,strand_C,GCUACGAAGGAAGGAUUGGUAUGUGGUAUAUUCGUAGC,((((((((......................)))))))),RNA
2EEV,strand_A,GGACAUACAAUCGCGUGGAUAUGGCACGCAAGUUUCUGCCGGGCACCGUAAAUGUCCGACUAUGUCC,((((((((..(.(((((.....[[))))).)[.....)]((((((]].....))))))..))))))),RNA
6B3K,strand_R,GACGCGACCGAAAUGGUGAAGGACGGGUCCAGUGCGAGACCCGCACUGUUGAGUAGAGUGUGAGCUCCGUAACUGGUCGCGUC,((((((((((..((((.(.....(...(((((((((.....)))))))..)).........)..).))))..).))))))))),RNA
2JWV,strand_A,GAUACUUGAAACUGUAAGGUUGGCGUAUC,(((((....((((....))))...))))),RNA
3MUM,strand_R,GGUCACGCACAGAGCAAACCAUUCGAAAGAGUGGGACGCAAAGCCUCCGGCCUAAACCAUUGCACUCCGGUAGGUAGCGGGGUUACCGAUGG,...(.((......((...((((((....))))))..[))...(((.((((((((..((..........))))))).]))))))...))...),RNA
8HZD,strand_A,GGAAGAUUGUAAACAUGCCGAAAGGCAGACACUUCC,(((((..........((((....))))....))))),RNA
5LWJ,strand_A,GGCAGCCAGAAGAGCACGUAUACGCAAGGCUGUC,(((((((....[.((.......]))..))))))),RNA
6XKN,strand_A,GAGCAACUUAGGAUUUUAGGCUCCCCGGCGUGUCUCGAACCAUGCCGGGCCGAACCCAUAGGGCUGGCGGUCCCUGUGCGGUCAAAAUUCAUCCGCCGGAG,[[[[......((((((...]]]](((((((((........))))))))).....(((((((((........))))))).))...))))))...........,RNA
3Q3Z,strand_V,GCGCGGAAACAAUGAUGAAUGGGUUUAAAUUGGGCACUUGACUCAUUUUGAGUUAGUAGUGCAACCGACCGUGCU,((((((..((......(((((((((.....{[[[[[[[.)))))))))...))....]]]]]}.]]..)))))).,RNA
4XWF,strand_A,GGGUCGUGACUGGCGAACAGGUGGGAAACCACCGGGGAGCGACCCUUGCCGCCCGCCUGGGCAA,(((((((..((........(((((....))))).))..)))))))(((((.........))))),RNA
4JF2,strand_A,GGAACCGCGAAAGCGGUUCCACGACGAUACUUAUUUCCUUUGAUCGUCGUUAUUACUGGCUUCGGCCACAAAGGAGA,((((((((....))))))))((((((((.......[[[[[..))))))))......((((....))))..]]]]]..,RNA
4Y1I,strand_A,AAAGGGGAGUAGCGUCGGGAAACCGAAACAAAGUCGUCAAUUCGUGAGGAAACUCACCGGCUUUGUUGACAUACGAAAGUAUGUUUAGCAAGACCUUUCC,(((((......((.((((....))))((((((((((.......(((((....)))))))))))))))(((((((....)))))))..))....)))))..,RNA
4W90,strand_C,GCGCGCUUAAUCUGAAAUCAGAGCGGGGGACCCAUUGCACUCCGGGUUUUUCCCGUAGGGGUGAAUCCUUUUUAGGUAGGGCGAAAGCCCGAAUCCGUCAGCUAACCUCGUAAGCGCGC,(((((((...((((....))))((((((....(........................(((((....(((....)))..((((....))))..))))..).)....)))))).))))))),RNA
5FKD,strand_A,GGCUUAUCAAGAGAGGGAGAGCGACUGGCGCGAAGAUCCCCGGCAACCAGAAAUGGUGCCAAUUCCUGCAGCGGAAACGUUGAAAGAUGAGCCG,((((((((....(.(((...(((.[.[[)))......))))(((..(((....))).)))...(]].](((((....)))))..))))))))).,RNA
1Y27,strand_X,GGAUCAUAUAAUCGCGUGGAUAUGGCACGCAAGUUUCUACCGGGCACCGUAAAUGUCCGACUAUGGUC,.((((((((..(.(((((.....[[))))).)[.....)]((((((]].....))))))..))))))),RNA
5LYV,strand_A,GGGAUCUGUCACCCCAUUGAUCGCCUUCGGGCUGAUCUGGCUGGCUAGGCGGGUCCC,((((((((((.(((((..(((((((....))).)))))))..))...)))))))))),RNA
7L0Z,strand_G,GGGAGUACGGUGAGGGUCGGGUCCAGUAGGUACGCCUACUGUUGAGUAGAGUGUGGGCUCCGUACUCCC,((((((((((.(.....(...(((((((((....)))))))..)).........)..).)))))))))),RNA
5DDO,strand_A,CGUUGGCCCAGGAAACUGGGUGGAAGUAAGGUCCAUUGCACUCCGGGCCUGAAGCAACGCU,(((((((((((....)))))).......((((((..........))))))....)))))..,RNA
4LCK,strand_B,GAGUAGUUCAGUGGUAGAACACCACCUUGCCAAGGUGGGGGUCGCGGGUUCGAAUCCCGUCUCGGGCGAAAGCCC,(((..((((....{..)))).(((((.......))))).....(((((..}....))))))))((((....)))),RNA
4LCK,strand_C,GGGUGCGAUGAGAAGAAGAGUAUUAAGGAUUUACUAUGAUUAGCGACUCUAGGAUAGUGAAAGCUAGAGGAUAGUAACCUUAAGAAGGCACUUCGAGCACCC,((((((.....((((.......((((((..(((((((......[..((((((..........])))))).))))))))))))).......))))..)))))),RNA
3OXB,strand_A,GGCUCUGGAGAGAACCGUUUAAUCGGUCGCCGAAGGAGCAAGCUCUGCGGAAACGCAGAGUGAAACUCCCAGGCAAAAGGACAGAGUC,((((.((....(.((((......)))))(((...((((...((((((((....))))))))....))).).))).......)).)))),RNA
2LI4,strand_A,GGACCGAUAAGGUAGAAAUGCCUUAUCGGUCC,((((((((((((((....)))))))))))))),RNA
6CF2,strand_G,GGCUGGACUCGUACUUCGGUACUGGAGAAACAGCC,(((((..(((((((....))))..)))...))))),RNA
4QKA,strand_A,GGUUGCCGAAUCCGAAAGGUACGGAGGAACCGCUUUUUGGGGUUAAUCUGCAGUGAAGCUGCAGUAGGGAUACCUUCUGUCCCGCACCCGACAGCUAACUCCGGAGGCAAUAAAGGAAGGAG,...((((....((....))..(((((....(.....(.{((((....((((((.....))))))..(((((.[[[[[[)))))..)))).)}.)....)))))..)))).....]]]]]]..,RNA
7KGA,strand_A,GGGGGCCAGAUGUCAUGUCUCUCAAGCCUAGGAGACACUAGACACUCUGGACUAUCGGUUAGAGGAAACCCCCCCAAAAAUGUAUAGGCU,((((((((((((((((((((((...[[[[.))))))).).)))).)))))<((.<........)).....)))))..........]]]].,RNA
2RRC,strand_A,GGACCCACCACGGCGAGGUCCA,((((((.(....).).))))).,RNA
7MLW,strand_F,GGAUCGCUAGGGUUCCGGUCGUGCGGCGUUCGCGCCGCACGAUGCUGGUCCGAGAGCAAUCCGGUCUUGCCUUCGCCUCGUUCGCGAGGAAACGGCGAGGCUCCACGGAGGGAUAAAAGCCCGGGAGG,((((.((..((...((((((((((((((....))))))))))).).)).))....)).))))((..(((((.(..(((((....)))))..).)))))..)).(.[...(((.......))).)..].,RNA
5FJC,strand_A,GGCUUAUCAAGAGAGGGGGAGUGACUGGCGCGAAGAACCCCGGCAACCAGAAAUGGUGCCAAUUCCUGCAGCGGAAACGUUGAAAGAUGAGCCG,((((((((....(.(((...(((.[.[[)))......))))(((..(((....))).)))...(]].](((((....)))))..))))))))).,RNA
2JLT,strand_A,GGUCGGUCCCAGACGACC,(((((........))))),RNA
2JLT,strand_B,GGAGCCUGGGAGCUCC,(((((......))))),RNA
6UFG,strand_B,GGGCCUAUAGCUCAGGCGGUUAGAGCGCUUCGCUGAUAACGAAGAGGUCGGAGGUUCAAGUCCUCCUAGGCCCGCCA,(((((((..((((.....[...)))).(((((.......))))).....(((((..]....))))))))))))....,RNA
6UFG,strand_A,GGCAUCGAUCCGGCGAUCACCGGGGAGCCUUCGGAAGAACGGCCGGUUAGGCCCAGUAGAACCGAACGGGUUGGCCCGUCACAGCCUCAAGUCGAGCGGCCGCGCGAAAGCGUGGCAAGCGGGGUGGCACCGCGGCGUUCGCGCGAAAGCGUGGCGUCGUCCCCGC,(((......((((......))))...)))(((((......((((.....))))........)))))(((...[[[))).....]]].........{..(((((((....)))))))..((((((......}(((((((.(((((....)))))))))))))))))),RNA
6GZR,strand_A,GGACGACUGAACCGAAAGGUUCUUGGCUGCUUCGGCAGAGGUACGUCC,(((((((.(((((....)))))....((((....))))..)).))))),RNA
6E1V,strand_A,CUGGGUCGCAGUCCCCCCAGUUAACAAAACAAG,(((((...[.[....))))).........]..],RNA
4R8I,strand_B,GCACGUCCCUCACCGGUGCAAGUGAAGCCGUGGCUCUGCG,((([...((....(((.....].....))).))...))).,RNA
1EHT,strand_A,GGCGAUACCAGCCGAAAGGCCCUUGGCAGCGUC,((((...((.(((....)))....))...)))),RNA
8EPK,strand_E,GUGGACUAUACCGCGUAAUGCUGCCUCCACT,(((((.......((.....))....))))).,RNA
6RTI,strand_X,GGGACCGAAAAAGACCUGACUUCUAUACUAAGUCUACGUUCCC,((((.((....((((................)))).)).)))),RNA
8GXB,strand_A,GGAGCGUUACGUCCGAAAGUCGCAUUGCACUCCGCGACACGGCUCUUUAAAAACAAAAGGA,((((((.....[[[....(((((..........))))).).)))))............]]],RNA
6CB3,strand_A,GAAAGGGGAGUAGCGUCGGGAAACCGAAACAAAGUCGUCAAUUCGUGAGGAAACUCACCGGCUUUGUUGACAUACGAAAGUAUGUUUAGCAAGACCUUUCC,.(((((......((.((((....))))((((((((((.......(((((....)))))))))))))))(((((((....)))))))..))....)))))..,RNA
1FMN,strand_A,GGCGUGUAGGAUAUGCUUCGGCAGAAGGACACGCC,(((((((......(((....))).....))))))),RNA
8FW4,strand_Z,GGUUAAAGCCUUAUGGUCGCUACCAUUGCACUCCGGUAGCGUUAAAAGGGAAGACGGGUGAGAAUCCCGCGCAGCCCCCGCUACUGUGAGGGAGGACGAAGCCCUAGUAAGCCACUGCCGAAAGGUGGGAAGGCAGGGUGGAGGAUGAGUCCCGAGCCAGGAGACCUGCCAUAAGGUUUUAGAAGUUCGCCUUCGGGGGGAAGGUGAAC,....((..((.(.(((((((((..............))))).....((....(.((((.......))))){{(([[[[[[)).(((...((((........(((......(((.(((((....)))))...))).)))...........))))..}}))).....)))))).).)).))......((..((((]]]]].]))))..)).,RNA
6N5N,strand_A,GGUUGCCGAAUCCGAUGCUCGGUACGGAGGAACCGCUUUUUGGGGUUAAUCUGCAGUGAAGCUGCAGUAGGGAUACCUUCUGUCCCGCACCCGACAGCUAACUCCGGAGGCAAUAAAGGAAGGAG,...((((....(((.....)))..(((((....(.....(.{((((....((((((.....))))))..(((((.[[[[[[)))))..)))).)}.)....)))))..)))).....]]]]]]..,RNA
6N5S,strand_A,GGUUGCCGAAUCCAAAGUUGGUACGGAGGAACCGCUUUUUGGGGUUAAUCUGCAGUGAAGCUGCAGUAGGGAUACCUUCUGUCCCGCACCCGACAGCUAACUCCGGAGGCAAUAAAGGAAGGA,...((((....(((....)))..(((((....(.....(.{((((....((((((.....))))))..(((((.[[[[[[)))))..)))).)}.)....)))))..)))).....]]]]]].,RNA
2B63,strand_R,CAGCACUGAUUGCGGUCGAGGUAGCUUGAUG,..(((.....))).((((((....)))))).,RNA
2PN9,strand_B,CACGGUCCCAGACGUG,((((........)))),RNA
484D,strand_B,GGUGUCUUGGAGUGCUGAUCGGACACC,(((((((..((.......))))))))),RNA
5FKG,strand_A,GGCUUAUCAAGAGAGGGGGAGUGACUGGCGCGAAGACCCCCGGCAACCAGAAAUGGUGCCAAUUCCUGCAGCGGAAACGUUGAAAGAUGAGCCG,((((((((....(.(((...(((.[.[[)))......))))(((..(((....))).)))...(]].](((((....)))))..))))))))).,RNA
3AGV,strand_S,GGAGGUGCUCCGAAAGGAACUCCA,((((....(((....))).)))).,RNA
8TJV,strand_A,GGGCGAUGAGGCCCGCCCAAACUGCCCUAUAUGGAUGCAGUUCACAGACUAAAUGUCGGUCGGGGAAGAUGUAUUCUUCUCAUAAGAUAUAGUCGGACCUCUCCUUAAUGGGAGCUAGCGGAUGAAGUGAUGCAACACUGGAGCCGCUGGGAACUAAUUUGUAUGCGAAAGUAUAUUGAUUAGUUUUGGAGGAGGGAAAAGUUAUCAGGCAUGCACCUGGUAGCUAGUCUUUAAACCAAUAGAUUGCAUCGGUUUAAAAGGCAAGACCGUCAAAUUGCGGGAAAGGGGUCAACAGCCGUUCAGUACCAAGUCUCAGGGGAAACUUUGAGAUGGCCUUGCAAAGGGUAUGGUAAUAAGCUGACGGACAUGGUCCUAACCACGCAGCCAAGUCCUAAGUAGGGCUGAUGGCCUCUACUG,.[[[[..((((((]]]]......(((((((..((((...((...(.(((((...[.[[[[[.(((((((.....)))))))........))))))..((.(((((....)))))(((((((....(((([[[[[[))))....))))))).(((((((...(((((....)))))...)))))))..))..........((((((((((..{{{.)))))))))).(((((((((((....(.]]]]]]))))))).)))))..]]]]].]....((((((...((((((.....(((.((((.(((..(((((((((....)))))))))..((..}}.}.))....)))......)))))))....))))))..)).))))))...))))...)))))))....)))))).....,RNA
8U5J,strand_A,GUACGAAGGAAGGUUUGGUAUGUGGUAGAUUCGUAC,(((((((......................))))))),RNA
4RZD,strand_A,GAGCAACUUAGGAUUUUAGGCUCCCCGGCGUGUCUCGAACCAUGCCGGGCCAAACCCAUAGGGCUGGCGGUCCCUGUGCGGUCAAAAUUCAUCCGCCGGAG,[[[[......((((((...]]]](((((((((........)))))))))....((((((((((........))))))).)))..))))))...........,RNA
3DS7,strand_A,GGACAUACAAUCGCGUGGAUAUGGCACGCAAGAUCCCGCCGGGCACCGUAAAUGUCCGACUAUGUCC,((((((((..(.(((((.....[[))))).)[.....)]((((((]].....))))))..))))))),RNA
2AU4,strand_A,GGGACGAAGUGGUUGGGCGCUUCGGCGUGUGAAAACGUCCC,((((((.......(..((((....))))....)..)))))),RNA
3DD2,strand_B,GGGAACAAAGCUGAAGUACUUACCCT,(((....((((....)..))).))).,RNA
5DO4,strand_A,GGGAACAAAGCUGAAGUACUUACCC,(((....((((....)..))).))),RNA
1AM0,strand_A,GGGUUGGGAAGAAACUGUGGCACUUCGGUGCCAGCAACCC,.....(...........(..............).).....,RNA
3V7E,strand_C,GGCUUAUCAAGAGAGGUGGAGGGACUGGCCCGAUGAAACCCGGCAACCACUAGUCUAGCGUCAGCUUCGGCUGACGCUAGGCUAGUGGUGCCAAUUCCUGCAGCGGAAACGUUGAAAGAUGAGCCA,((((((((....(.(((...(((.[.[[)))......))))(((..(((((((((((((((((((....))))))))))))))))))).)))...(]].](((((....)))))..))))))))).,RNA
5FK1,strand_A,GGCUUAUCAAGAGAGGGGGAGCGACUGGCGCGAAGAUCCCCGGCAACCAGAAAUGGUGCCAAUUCCUGCAGCGGAAACGUUGAAAGAUGAGCCG,((((((((....(.(((...(((.[.[[)))......))))(((..(((....))).)))...(]].](((((....)))))..))))))))).,RNA
1EXD,strand_B,GGGGUAUCGCCAAGCGGUAAGGCACCGGAUUCUGAUUCCGGAGGUCGAGGUUCGAAUCCUCGUACCCCAGCCA,((((((..(((.....[...))).(((((.......)))))....(((((..]....))))))))))).....,RNA
2KZL,strand_A,GGGAGUAAAGAUUGAGACAAGUAGGACUUCGGUCCGAAUACACUCAUGAACUCCC,((((((......((((.......((((....)))).......))))...)))))),RNA
6WLT,strand_A,GGUCCGUUGAAGACUGCAGGAGAGUGGUUGUUAACCAGAUUUUAACAUCUGAGCCAAAUAACCCGCCGAAGAAGUAAAUCUUUCAGGUGCAUUAUUCUUAGCCAUAUAUUGGCAACGAAUAAGCGAGGACUGUAGUUGGAGGAACCUCUGGAGAGAACCGUUUAAUCGGUCGCCGAAGGAGCAAGCUCUGCGCAUAUGCAGAGUGAAACUCUCAGGCAAAAGGACAGAGGA,..(((......((((((((......(((((((...(((((......))))).....))))))).(((...((((.....))))..)))((.((((((.(.((((.....)))))..)))))))).....))))))))...))).((((((....(.((((......)))))(((...((((...((((((((....))))))))....))).).))).......)))))).,RNA
3RKF,strand_A,GGCCAUAUAACUGCGUGGAUAUAGCACGCAGGUUUCUACCGGGCACUGUAAAUGUCCGACUAUGGUC,((((((((..(((((((.....[[)))))))[.....)]((((((]].....))))))..))))))),RNA
6N5Q,strand_A,GGUUGCCGAAUCCACCUAGAAAUGGUACGGAGGAACCGCUUUUUGGGGUUAAUCUGCAGUGAAGCUGCAGUAGGGAUACCUUCUGUCCCGCACCCGACAGCUAACUCCGGAGGCAAUAAAGGAAGGAG,...((((....(((........)))..(((((....(.....(.{((((....((((((.....))))))..(((((.[[[[[[)))))..)))).)}.)....)))))..)))).....]]]]]]..,RNA
6XKO,strand_A,GAGCAACUUAGGAUUUUAGGCUCCCCGGCGUGUCUCGAACCAUGCCGGGCCAAACCCAUAGGGCUGGCGGUCCCUGUGCGGUCGAAAUUCAUCCGCCGGAG,[[[[......((((((...]]]](((((((((........)))))))))....((((((((((........))))))).)))..))))))...........,RNA
5E54,strand_B,GGGAAGAUAUAAUCCUAAUGAUAUGGUUUGGGAGUUUCUACCAAGAGCCUUAAACUCUUGAUUAUCUU,...((((((...((((((......[[.))))))((.{..))((((((]].....))))))}.)))))),RNA
4QK9,strand_A,GCGCUGAAUUCCCUGAAGGGAAACGGGGGACCCAAUCUUCAGGGGUGAAUCCCACGUAAGUGGGUAGGGCUAGUCUCUUUCGGCCCGAACCCGUCAGCUAACCUCGUAAGCGUGGAAAGAGGG,.((((...(((((....)))))((((((....(........(((((....(((((....)))))..(((((...[[[[[[[)))))..))))..).)....)))))).))))..]]]]]]]..,RNA
3EGZ,strand_B,GAGGGAGAGGUGAAGAAUACGACCACCUAGGUACCAUUGCACUCCGGUACCUAAAACAUACCCUC,(((((...((((...........))))((((((((..........)))))))).......))))),RNA
4YAZ,strand_R,GGUACACGACAAUACUAAACCAUCCGCGAGGAUGGGGCGGAAAGCCUAAGGGUCUCCCUGAGACAGCCGGGCUGCCGAAAUAUC,((((..((......((...((((((....))))))..[))...((((..(((((((...))))).]))))))...))...)))),RNA
5FK4,strand_A,GGCUUAUCAAGAGAGGGUGAGCGACUGGCGCGAAGAUCCCCGGCAACCAGAAAUGGUGCCAAUUCCUGCAGCGGAAACGUUGAAAGAUGAGCC,((((((((....(.(((...(((.[.[[)))......))))(((..(((....))).)))...(]].](((((....)))))..))))))))),RNA
8U5Z,strand_A,GCGUACGAAGGUGAGGAGAGGCGAGGAAGAGUACGC,((((((........................)))))),RNA
8Q6N,strand_A,GGAGUAGAAGCGUUCAGCGGCCGAAAGGCCGCCCGGAAAUUGCUCC,((((((....[.(((.((((((....))))))..])))..)))))),RNA
6N5T,strand_A,GGUUGCCGAAUCCCCUAGAAAGGUACGGAGGAACCGCUUUUUGGGGUUAAUCUGCAGUGAAGCUGCAGUAGGGAUACCUUCUGUCCCGCACCCGACAGCUAACUCCGGAGGCAAUAAAGGAAGGAG,...((((....((........))..(((((....(.....(.{((((....((((((.....))))))..(((((.[[[[[[)))))..)))).)}.)....)))))..)))).....]]]]]]..,RNA
4FEN,strand_B,GGACAUAUAUACGCGUGGAUAUGGCACGCGAGUUUCUACCGGGCACCGUAAAUGUCCGACUAUGUCC,((((((((...((((((.....[[)))))).[.....)]((((((]].....))))))..))))))),RNA
4M6D,strand_B,GGGCGGCUAAAGAGUGCAGAGUUACUUAGUUCACUGCAGACGCCC,....(.((.......((((.(.(.[..)]..).)))))).)....,RNA
4M6D,strand_L,GGGCGGCUAAAGAGUGCAGAGUUACUUAGUUCACUGCAGACGCC,..(((.((.......((.(.(.(.[..)]..).).)))).))).,RNA
2MIY,strand_A,GCUUGGUGCUUAGCUUCUUUCACCAAGCAUAUUACACGCGGAUAACCGCCAAAGGAGAA,((((((((.....[[[[[[.)))))))).........((((....))))..]]]]]]..,RNA
3MUT,strand_R,GGUCACGCACAGAGCAAACCAUUCGAAAGAGUGGGACGCAAAGCCUCCGGCCUAAACCAUUGCACUCCGGUAGGUAGCGGGGUUAUCGAUGG,...(.((......((...((((((....))))))..[))...(((.((((((((..((..........))))))).]))))))...))...),RNA
6MSF,strand_R,CCACAGUCACUGGG,((.(((...))))),RNA
6MSF,strand_S,CAGUCACUGG,(((...))).,RNA
2EEU,strand_A,GGACAUAAAAUCGCGUGGAUAUGGCACGCAAGUUUCUUCCGGGCACCGUAAAUGUCCGACUAUGUCC,((((((((..(.(((((.....[[))))).)[.....)]((((((]].....))))))..))))))),RNA
7U0Y,strand_R,GGUACCUACCAAUCGUAGCGUGUCGACCAGCUGCGAAACACGCAGCUGGCACUGGCGCUGUAGGUAC,.((((((((.......(((((...(.(((((((((.....)))))))))..)..))))))))))))),RNA
3B4C,strand_B,CCGGCUUUAAGUUGACGAGGGCAGGGUUUAUCGAGACAUCGGCGGGUGCCCUGCGGUCUUCCUGCGACCGUUAGAGGACUGGUAAAACCACAGGCGACUGUGGCAUAGAGCAGUCCGGGCAGGAA,...............(((...[[[[[[...)))..............]]]]]][[[[...(((((.]]]].....((((((......((((((....)))))).......))))))..)))))..,RNA
1TOB,strand_A,GGCACGAGGUUUAGCUACACUCGUGCC,((((((((((......)).)))))))),RNA
5C7W,strand_C,GGAAUAUAAUCGCGUGGAUAUGGCACGCAAGUUUCUACCGGGCACCGUAAAUGUCCGACUAUUCC,(((((((..(.(((((.....[[))))).)[.....)]((((((]].....))))))..)))))),RNA
2RN1,strand_A,GAGCCCUGGGAGGCUC,(((((......))))),RNA
2RN1,strand_B,GCUGGUCCCAGACAGC,((((........)))),RNA
7UQ6,strand_B,GCGGAAGUAGUUCAGUGGUAGAACACCGGGUGGAACCCCAGGAAACUGGCCCGGGUCGCGCGGGUUCGAGUCCCGUCUUCCGCUCC,(((((((..((((....[..)))).(((((.......((((....))))))))).....(((((..]....))))))))))))...,RNA
5NDH,strand_A,GCGGGGACGACCCCGC,((((((....)))))),RNA
6CC1,strand_A,GAAAGGGGAGUAGCGUCGGGAAACCGAAACAAAGUCGUCAUUACGUGAGGAAACUCACCGGCUUUGUUGACAUACGAAAGUAUGUUUAGCAAGACCUUUCC,.....(......((.((((....))))(((.(((.((.......(((((....))))))).))).))).((((((....))))))...))....)......,RNA
5LYU,strand_A,GGGGAUCUGUCACCCCAUUGAUCGCCUUCGGGCUGAUCUGGCUGGCUAGGCGGGUCCC,.((((((((((.(((((..(((((((....))).)))))))..))...)))))))))),RNA
5KPY,strand_A,GGACACUGAUGAUCGCGUGGAUAUGGCACGCAUUGAAUUGUUGGACACCGUAAAUGUCCUAACACGUGUCC,((((((......(.(((((.....[[))))))..(.......(((((]].....)))))...)..)))))),RNA
3FO4,strand_A,GGACAUAUAAUCGCGUGGAUAUGGCACGCAAGUUUCUACCGGGCACCGUAAAUGUCCGAUUAUGU,..((((((..(.(((((.....[[))))).)[.....)]((((((]].....))))))..))))),RNA
6UFH,strand_A,GGCAUCGAUCCGGCGAUCACCGGGGAGCCUUCGGAAGAACGGCCGGAAACGGCCCAGUAGAACCGAACGGGUUGGCCCGUCACAGCCUCAAGUCGAGCGGCCGCGCGAAAGCGUGGCAAGCGGGGUGGCACCGCGGCGUUCGCGCGAAAGCGUGGCGUCGUCCCCGC,.((......((((......))))...)).(((((......(((((....)))))........))))).[[...(((]]......)))............(((((((....)))))))..((((((.......(((((((.(((((....)))))))))))))))))),RNA
5MSF,strand_R,CCGGAGGAUCACCACGGG,(((..((....)).))).,RNA
5MSF,strand_S,CCGGAGGAUCACCACGG,.((..((....)).)).,RNA
4PDB,strand_I,GGGAUGCUCAGUGAUCCUUCGGGAUAUCAGGGCAUCCC,(((((((((...(((((....)))..)).))))))))),RNA
5D5L,strand_A,GGAAGGCCGAAAGGUCUUCCACGACGAUACUUAUUUCCUUUGAUCGUCGUUAUUACUGGCUUCGGCCACAAAGGAGA,((((((((....))))))))((((((((.......[[[[[..))))))))......((((....))))..]]]]]..,RNA
3IRW,strand_R,GGUCACGCACAGGGCAAACCAUUCGAAAGAGUGGGACGCAAAGCCUCCGGCCUAAACCGAUUGCACUCCGGUAGGUAGCGGGGUUACCGAUG,...((((......((...((((((....))))))..[))...(((.(((((((...((...........)).)))).]))))))...)).)),RNA
2B57,strand_A,GACAUAUAAUCGCGUGGAUAUGGCACGCAAGUUUCUACCGGGCACCGUAAAUGUCCGAUUAUGUC,(((((((..(.(((((.....[[))))).)[.....)]((((((]].....))))))..)))))),RNA
4RUM,strand_A,GGGAACUGAGCAGGCAAUGACCAGAGCGGUCAUGCAGCCGGGCUGCGAAAGCGGCAACAGAUGAUUACACGCACAUCUGUGGGACAGUUCCCAC,((((((((..(.(((.((((((.....))))))...)))..(((((....))))).(((((((..........)))))))..).))))))))..,RNA
6UFM,strand_A,GGGCCUAUAGCUCAGGCGGUUAGAGCGCUUCGCUGAUAACGAAGAGGUCGGAGGUUCGAGUCCUCCUAGGCCCACCA,(((((((..((((.....{...)))).(((((.......))))).....(((((..}....))))))))))))....,RNA
6UFM,strand_B,GGCGACGAUCCGGCCAUCACCGGGGAGCCUUCGGAAGAACGGCGCCGCCGGAAACGGCGGCGCUCAGUAGAACCGAACGGGUGAGCCCGUCACAGCUC,(((......((((......))))...)))(((((......((((((((((....))))))))))........)))))[[[..((((]]].....)))),RNA
2EET,strand_A,GGACAUGUAAUCGCGUGGAUAUGGCACGCAAGUUUCUACCGGGCACCGUAAAUGUCCGACCAUGUCC,.(((((((..(.(((((.....[[))))).)[.....)]((((((]].....))))))..)))))).,RNA
1NBK,strand_A,GGGAGCUUGAUCCCGGAAACGGUCGAUCGCUCCC,((((((..(((((((....)))..)))))))))),RNA
1XWP,strand_A,GGAGAUCGCACUCCA,((((......)))).,RNA
1EXY,strand_A,GGGCGCCGGUACGCAAGUACGACGGUACGCUCC,((((((((((((....))))..)))..))))).,RNA
6C65,strand_A,GCGUACGAAGGAGAGGAGAGGUAGAGGAGAGUACGC,((((((........................)))))),RNA
6C65,strand_C,CGUACGAAGGAGAGGAGAGGUAGAGGAGAGUACGG,..(((........................)))...,RNA
1OOA,strand_C,CAUACUUGAAACUGUAAGGUUGGCGUAUG,(((((....((((....))))...))))),RNA
6N5O,strand_A,GGUUGCCGAAUCCGAUCUGGCGGUACGGAGGAACCGCUUUUUGGGGUUAAUCUGCAGUGAAGCUGCAGUAGGGAUACCUUCUGUCCCGCACCCGACAGCUAACUCCGGAGGCAAUAAAGGAAGGAG,...((((....(((......)))..(((((....(.....(.{((((....((((((.....))))))..(((((.[[[[[[)))))..)))).)}.)....)))))..)))).....]]]]]]..,RNA
4MGN,strand_A,GGAAUCAAUAGUAGUUAACCCUCUCUUCCGAAGCGAGCCGGGGGCGGUGGGAGCCCGGUGAAGACGGUUAAUGAAACGGCAGUUCC,(((((.........((((((...(((((.....[..((((((..........]))))))))))).))))))..........))))),RNA
4MGN,strand_B,GCGGAAGUAGUUCAGUGGUAGAACACCACCUUGCCAAGGUGGGGGUCGCGGGUUCGAGUCCCGUCUUCCGCUCCA,(((((((..((((....{..)))).(((((.......))))).....(((((..}....))))))))))))....,RNA
4MGN,strand_D,GCGGAAGUAGUUCAGUGGUAGAACACCACCUUGCCAAGGUGGGGGUCGCGGGUUCGAGUCCCGUCUUCCGCUC,(((((((..((((....{..)))).(((((.......))))).....(((((..}....))))))))))))..,RNA
9BUN,strand_A,GGACUCGGAAACGUGAAGGAGAGGCGCAAGGUUAACCGCCUCAGUCCA,(((((((....))([...[)((((((]........]))))))))))).,RNA
6P2H,strand_A,GGGUGUAAUCUCCAAAAUAUGGUUGGGGAGCCUCCACCAGUGAACCGUAAAAUCGCUGUCACCACCCAG,((((((..(((((((.....[[)))))))......).((((((.]]......))))))....)))))..,RNA
5FKE,strand_A,GGCUUAUCAAGAGAGGGUGAGCGACUGGCGCGAAGAGCCCCGGCAACCAGAAAUGGUGCCAAUUCCUGCAGCGGAAACGUUGAAAGAUGAGCCG,((((((((....(.((((..(((.[.[[))).....)))))(((..(((....))).)))...(]].](((((....)))))..))))))))).,RNA
2TOB,strand_A,ACUUGGUUUAGGUAAUGAGU,((((..(......)..)))),RNA
1U1Y,strand_R,CCGGGGGAUCACCACGG,(((..((....)).))),RNA
4FEO,strand_B,GGACAUAUAAACGCGUGGAUAUGGCACGCGAGUUUCUACCGGGCACCGUAAAUGUCCGAUUAUGUCC,((((((((...((((((.....[[)))))).[.....)]((((((]].....))))))..))))))),RNA
